region,shipped_calendar_rank,shipped_calendar_score,frozen_jan_aug_rank,growth_pct,overnight_growth_pct,overnight_excess,d_temp_c_all,d_temp_c_night,d_cdh_night,d_cdh_day,d_cdh_all,d_hdh_night,d_hdh_all,a_overnight_growth_adj,a_growth_adj,a_overnight_excess_adj,control_a_score,control_a_rank,raw_growth_pct_night,weather_implied_growth_pct_night,wx_adjusted_growth_pct_night,wx_adjusted_growth_pct_day,wx_adjusted_growth_pct_all,mw_total_change_night,mw_weather_explained_night,mw_unexplained_night,night_minus_day_wx_growth_pts,control_b_score,control_b_rank,icaos,stations,n_stations,anchor_to_centroid_km
ERCO/NRTH,1,16.465676023711634,1,88.99989661085283,103.8614136693639,14.861517058511069,0.45749600148701575,0.35481737793345935,0.25357335762277744,0.3764575816202189,0.29732671309264447,-0.10124402031068236,-0.1601692883943704,101.2030164220976,86.54677231258428,14.656244109513324,14.00376491508124,1,103.5654858923297,1.1368352398664294,101.27729467659634,81.15777231554699,86.93259066514649,887.4551438253379,9.741568560304472,877.7135752650335,20.11952236104935,16.657985653146,1,KSPS,72351013966,1,
ERCO/FWES,2,13.893486911863139,2,115.98882809030711,120.20032154948485,4.2114934591777455,0.5836027773359582,0.8675753328661528,0.7251786965662235,0.4380975723622784,0.6739884996234728,-0.14239663629992982,0.09038572228751329,106.55048551127726,104.7929680171893,1.7575174940879634,12.203042483014551,2,120.3374022969515,1.192336861461074,117.7411937809162,122.22123825526681,114.29103457194549,4017.154987655686,39.803102597848465,3977.3518850578375,-4.480044474350606,16.23346747407212,2,KMAF,72265023023,1,
AZPS,3,9.012197446755582,4,27.311380168292064,39.32561210860093,12.014231940308864,1.6096405586774587,1.3267857142857125,0.40938958916900114,1.040318627450981,0.7518984160637667,-0.9173961251167126,-0.8577421426136924,33.771681894849245,17.752743682980384,16.01893821186886,6.419769284934356,5,39.68470380818356,3.718512976239996,34.676732050895076,15.802360934102344,23.029894013206874,1191.7334849241297,111.66711610926131,1080.0663688148684,18.87437111679273,6.906124874509881,7,"KPHX,KFLG","72278023183,72375003103",2,55.3874476313227
TEPC,4,8.507894106433275,3,16.975993421342885,31.81184587309229,14.835852451749407,1.5207886851059413,1.4139005602240893,0.8299019607843139,1.2331465919701206,1.1018598845468661,-0.5839985994397754,-0.41892880055907833,16.11787714890064,-1.41552805468275,17.53340520358339,5.4091640614536765,6,32.12467795130283,4.644821472846816,26.26012075101727,2.860388511262779,11.195937939178524,363.85513939385555,52.60884379990216,311.2462955939534,23.39973223975449,7.380836482919037,4,KTUS,72274023160,1,159.6592694165983
WACM,5,8.237178817192074,6,48.82770132710166,53.148626117278994,4.320924790177337,1.9150951715041842,1.3982434640522872,0.13026377217553692,0.664046451914099,0.43570429347608153,-1.2679796918767519,-1.479390878028103,54.44396437356847,48.02557783634218,6.41838653722629,7.134012991076678,3,52.88551706975835,-1.6686743703292706,55.479971505261894,51.72280250477242,51.39617080049985,1281.9240465937182,-40.4480076925056,1322.3720542862238,3.757169000489476,7.979020939386508,3,"KDEN,KGJT","72476023066,72565003017",2,176.41143361385187
PJM/DOM,6,7.707425481498641,5,30.9154439871961,38.69607284299161,7.780628855795513,-0.31581664140160903,-0.2127540294323751,0.041719224480261774,-0.5585901027077504,-0.23462042371998093,0.25447325391263753,0.08119621768162943,40.665980762037584,38.75842831019949,1.907552451838093,5.149967844046462,8,38.80325744430071,0.8140778202409882,37.682415437849116,30.20927504426798,32.384115725317585,3960.384723091527,83.087389436776,3877.297333654751,7.4731403935811365,7.20042344314634,6,"KIAD,KRIC","72401013740,72403093738",2,77.18899889111044
SWPP/OPPD,7,6.819979052128234,7,37.26247672433325,42.996798030424934,5.734321306091687,1.1540411583929053,0.16923615977575324,-0.138869423032002,0.4292308590102709,0.18108898221047998,-0.30810558280775524,-0.9729521761824245,49.70595052885587,40.04158221841851,9.66436831043736,6.551752096775509,4,42.93486647897468,-1.1918338302804865,44.6589609136761,34.84075623528673,37.20445545434943,504.90046449971214,-14.015589283590089,518.9160537833022,9.818204678389364,7.290601415665602,5,KOMA,72550014942,1,46.7466199310338
ERCO,8,5.137978486777893,8,27.49337245757568,32.36389443470924,4.870521977133556,0.5957335118151725,0.39996496145760574,0.3199135715954218,0.7159313725490186,0.5536943503742195,-0.08005138986218174,-0.0420391614409521,28.13459980591461,19.270248553550246,8.864351252364365,5.009858467375741,10,32.57154451897814,1.5572972386799888,30.53866942461896,22.42530417670514,24.950153404692486,12316.384722714036,588.8659012785647,11727.518821435471,8.11336524791382,5.798047418030057,8,"KDFW,KIAH,KAUS","72243012960,72254013904,72259003927",3,117.44885314205564
SC,9,5.075640952549311,9,29.759792278134878,35.719629060042266,5.959836781907388,-0.39745486003232244,-0.34868605466012426,0.1325858444288719,-0.03752334267040158,0.03975080482517157,0.4812718990889979,0.4372056648574971,35.35650176349756,30.63648524227186,4.720016521225702,4.215690316185141,11,35.84001352415,1.6171769135979286,33.67820052671877,27.206519095087287,28.730555402031644,760.7433706345128,34.326343524781805,726.417027109731,6.471681431631481,5.379265347926362,9,KCHS,72208013880,1,84.39790265105576
CISO/SDGE,10,3.719322912587587,13,2.042831163910197,13.586964375885868,11.544133211975671,-0.2537091028557299,-0.4451997196916597,-0.08003971034804955,-0.08870214752567729,-0.09362086232342393,0.36516000934361115,0.16008824053230475,18.302876518239266,6.66440438335812,11.638472134881146,2.815118309222887,17,13.417222305473086,-0.5398290378997417,14.032804496878693,2.050299277524137,2.151077818748237,256.3885445398639,-10.31554655474497,266.7040910946089,11.982505219354557,3.17569514637355,15,KSAN,72290023188,1,115.42543462105105
PNM/PNM,11,3.6184566353802454,10,15.247577534884416,23.877137714542982,8.629560179658567,1.0959380012229865,1.0678279645191413,0.38506069094304385,0.3176528944911299,0.4416212648147195,-0.682767273576097,-0.6543167364082638,18.677006594061808,11.478670247035716,7.198336347026093,2.2812870083084227,21,24.189076033255308,1.7338340125917062,22.072540800815887,6.868754972384661,14.203605954674181,210.09398273426405,15.059198317650612,195.03478441661343,15.203785828431226,3.6164963662965657,13,KABQ,72365023050,1,77.83735877671946
CISO/PGAE,12,3.412131138121298,11,1.480972003878711,10.985793318906477,9.504821315027765,-0.36724951112983817,-0.629823639336605,-0.23798761971501997,-0.3975431839402428,-0.3083372599273466,0.391836019621584,0.05891225120249155,19.371084086653244,10.9428231529488,8.428260933704445,3.710655030854065,12,11.123898104105635,-2.2377472142318333,13.667489176643244,-2.087877076700506,3.210609331014269,1068.1289221139032,-214.87094699462068,1282.9998691085239,15.75536625334375,4.032099184193855,11,"KSFO,KFAT","72389093193,72494023234",2,8.975163887967962
SRP,13,3.3781688363351656,17,19.787419418615926,24.771890412489196,4.98447099387327,1.6833262775695879,1.5853957100081395,1.0288498157883854,1.3580703326528347,1.2043431909792783,-0.5565458942197568,-0.4789830865903133,4.400060566537485,-0.54101655809015,4.941077124627635,0.4103111003056543,49,25.1132539810782,3.1427658601420605,21.30104611575703,11.211025645586936,16.10340866805786,732.0684417895295,91.61376330908843,640.4546784804411,10.090020470170092,2.7557495972861803,20,KPHX,72278023183,1,25.322287292766642
ERCO/SOUT,14,3.307605446628287,16,24.530586642916894,30.17097168979319,5.640385046876297,0.1254871079609572,-0.3080530249941624,-0.006452931558047048,0.7346055088702155,0.3453073331944063,0.30160009343611294,0.21982022523345113,33.22423774863271,19.7644039774737,13.459833771159008,5.2472803631942435,7,30.480277852540016,0.6266678464119213,29.667692118846787,18.219594085829026,22.36029498709464,923.3444698707781,18.983760359063126,904.360709511715,11.44809803301776,3.9502351175643335,12,KCRP,72251012924,1,
PGE,15,3.108188581199539,14,15.18634247717452,23.517917819836253,8.331575342661733,0.6867778565961213,0.4392081289418357,0.12193412754029438,0.33267973856209165,0.29018787125649737,-0.3172740014015414,-0.39658998533962375,24.136207224141664,13.697204299735237,10.439002924406427,3.2980093126788748,14,23.498285063638647,0.7300974082534939,22.603162551413945,9.841510203052483,15.109545595642038,444.01494517539527,13.795651887805434,430.21929328758984,12.761652348361462,3.0156373898409594,17,KPDX,72698024229,1,92.53309507155397
ERCO/SCEN,16,2.8751471120985577,12,30.013167234588245,34.914693949584304,4.901526714996059,0.6174707139690803,0.2817449194113557,0.26681266059331943,0.9348447712418295,0.6530672953110432,-0.014932258818033173,0.035596581341965194,31.86752365000413,19.443747774610966,12.423775875393165,5.013050639718482,9,35.07715704631658,1.685806028877157,32.8377699125056,23.64863658793066,26.285975728964694,2089.825491713994,100.43688570828908,1989.3886060057048,9.18913332457494,4.370474920135609,10,"KAUS,KSAT","72253012921,72254013904",2,
NYIS/ZONE,17,2.6300451719999884,18,-6.879394700326246,4.912707740272548,11.792102440598795,0.8200392143279469,0.8786482865141805,0.12285545298514741,0.3913378910886389,0.3237993281130711,-0.755792833529032,-0.4962398862148749,5.911596642610412,-8.728281001679765,14.639877644290177,1.5754120020197973,31,5.2530746980251175,0.20561956673019743,5.03709787247375,-20.840327016997218,-6.922319491338924,40.658817943061194,1.5914962207481267,39.06732172231307,25.87742488947097,2.317127451921263,26,KRME,72519664775,1,
NYIS/ZOND,18,2.3724026504769866,21,7.5751464927244605,11.692286186305822,4.117139693581361,1.06075795812455,0.9334267694463909,0.06949310908666204,0.29450280112044824,0.2225247975482465,-0.8639336603597307,-0.8382331605763049,14.038302376373199,9.023247368513559,5.01505500785964,2.184628774314941,22,11.684658453303554,-0.727432413538387,12.503042047372869,4.3192463814319515,8.194394372740543,61.195300310068774,-3.8097343777450305,65.0050346878138,8.183795665940917,2.8137104186191677,18,"KMSS,KPBG","72622394725,72622564776",2,
PJM/AEP,19,2.2851878299371795,32,7.438744121255514,10.699759181742774,3.26101506048726,0.1169358899645001,-0.002421552596745258,0.18375379584209317,0.14737394957983163,0.16608588225314058,0.18617534843883732,0.04914999228864314,9.410614652810755,7.009781429215173,2.4008332235955825,0.6566261637378286,41,10.820850343149257,1.348938147981693,9.345842559630402,5.510434956801613,6.918516690879373,1421.0399438247314,177.14827663655342,1243.891667188178,3.8354076028287887,1.5380799920036548,30,"KCMH,KCRW,KFWA","72414013866,72428014821,72533014827",3,32.549199025751385
NYIS/ZONG,20,2.2701747893469313,25,-1.4531194370423939,6.5960186238853025,8.049138060927696,0.36810005816777114,0.31759657081563475,0.1865860080573009,0.20723039215686256,0.17512591015493006,-0.131010562758334,-0.19297414801284063,5.531515718683031,-1.236888905587473,6.768404624270504,0.6159320016387607,44,6.816113418784386,1.6608033981145631,5.071089198932532,-12.093125861798558,-1.8729562645266817,64.2950612641514,15.666032776862266,48.62902848728913,17.16421506073109,1.4904692985304995,31,KPOU,72503614757,1,
CISO,21,2.094281335977173,23,4.666953295405918,10.549978488381505,5.8830251929755875,-0.28769355100619265,-0.49690882192634156,-0.14870357393132458,-0.25859399315281717,-0.2064732790809951,0.3482052479950166,0.08122027192519532,16.887243583665768,11.92104493955619,4.9661986441095785,3.1933158359173883,15,10.616454089741477,-1.6113156350548885,12.428024425492756,9.946324868315081,6.120870143454016,2267.112862679922,-344.09176276663493,2611.2046254465567,2.4816995571776754,2.7023947006332643,22,"KLAX,KSFO,KFAT","72295023174,72389093193,72494023234",3,127.18623801749024
SWPP/OKGE,22,2.0609075602830047,20,20.25215754391596,23.341156600322122,3.0889990564061627,0.6926556052231607,0.4701646811492637,0.12977108152300865,0.41064425770308155,0.2323674183571085,-0.34039359962625504,-0.46028818686605444,23.797369367660018,20.19205341146013,3.605315956199888,2.124103413530398,25,23.640070529569424,0.3551175995398337,23.20255656811303,18.530548181696993,20.185108485010474,808.3448620285808,12.142835472714978,796.2020265558658,4.672008386416039,2.703833597790233,21,KOKC,72353013967,1,48.2393013500549
SWPP/SPS,23,1.9774780272281631,29,11.098811754387118,14.0522278033834,2.9534160489962815,0.4651952408197779,0.5493342676944657,0.11298761971501992,0.2900501867413636,0.24851287890725882,-0.4363466479794438,-0.21668236191251822,14.98894053515078,9.861553927902598,5.127386607248182,1.649537616338196,29,14.421114222502363,0.5164071829206751,13.833271034327543,8.55230064715271,10.647747919347994,526.8847086760024,18.867269472617863,508.0174392033846,5.280970387174833,1.911069800171017,28,"KAMA,KLBB","72267023042,72363023047",2,52.87802771699406
FPL,24,1.8719522467767693,22,16.03437943102697,20.436908871127258,4.402529440100288,-0.007393916367139042,-0.14111772950245083,-0.06564470918009846,0.06553454715219331,0.053377501013547324,0.07547302032235448,0.06077141738068975,25.08183193627854,17.923117433428228,7.158714502850312,2.6818091617184874,19,20.510957507617423,-0.09908083033123294,20.630479188029472,11.663398405968529,15.596256424023402,2307.0664278058866,-11.144582460932725,2318.2110102668194,8.967080782060943,2.7706089392886017,19,"KMIA,KPBI","72202012839,72203012844",2,139.12743806500913
SWPP/WAUE,25,1.859142867598611,28,16.03754316498074,18.074997070185383,2.037453905204643,1.8763296531809361,1.3172740014015414,0.02929806120065409,0.26137371615312777,0.14289215532865795,-1.2879759402008855,-1.733437497852277,21.749903258848846,22.236136866661166,-0.48623360781231995,1.69979180095781,28,17.88825844468569,-1.2879881836855844,19.426457100332307,16.92119056772672,17.42944339390844,571.1256686992701,-41.1221201302983,612.2477888295684,2.5052665326055887,2.321039033567584,25,"KFAR,KFSD","72651014944,72753014914",2,
NYIS/ZONF,26,1.7463203520144266,30,-2.1599208802480785,5.191945671820997,7.351866552069075,0.33004943895378247,0.34763489838822714,0.153900957720159,0.04053454715219429,0.13956527006573904,-0.19373394066806782,-0.19048416888804454,4.949351101988561,-1.2083775975994202,6.157728699587981,0.5092581667326446,45,5.50146117539263,1.0746457949799337,4.379748596291977,-10.980773429441125,-2.1887960097337955,65.27319214174827,12.75035108378097,52.5228410579673,15.360522025733102,1.3557810395070342,33,KALB,72518014735,1,
GCPD,27,1.7045650094497136,27,26.73039878234478,26.80943567151335,0.07903688916857021,0.5984942161523943,0.048716713384724386,0.004344779257182851,0.029289215686274517,0.05141200992814099,-0.0443719341275397,-0.5470822062242551,29.92745702465198,30.754770032669494,-0.8273130080175157,2.786434689009574,18,26.90727048974919,0.00888319577532215,26.8959980698096,28.41417605185532,26.98599356030602,159.92951779560144,0.05279930632025298,159.8767184892812,-1.5181779820457209,2.4088809713758352,24,KMWH,72782724110,1,60.57622157339901
SWPP/NPPD,28,1.6158489550251363,24,19.330743790505256,22.387017038943213,3.0562732484379573,1.434570112876905,0.7417834618079882,0.06079187105816386,0.4833508403361342,0.2807937133844072,-0.6809915907498247,-1.1537763994924983,24.768756357133803,20.647203879555914,4.12155247757789,2.151782087590459,24,22.123049755909264,-0.30923641585963724,22.50187014851757,18.136929056123343,19.25739925548575,374.80820665404053,-5.239076336187054,380.0472829902276,4.364941092394226,2.472518017757974,23,"KLNK,KGRI","72551014939,72552014935",2,71.83354566109165
NYIS/ZONA,29,1.3588732674954638,26,3.1939096584628235,8.271133791457451,5.077224132994628,1.238500109391925,1.225122634898388,0.19271198318149974,0.4694502801120448,0.3224006377637205,-1.0324106517168907,-0.916099471628204,7.889999795588896,2.821017536785532,5.068982258803364,1.1113040369305685,34,8.477709457143412,0.472346048278971,7.967728159764187,-2.1451443790707625,2.8499253773379696,128.6465569845393,7.167701738721462,121.47885524581784,10.11287253883495,1.9839136569462192,27,KBUF,72528014733,1,
SWPP/GRDA,30,1.3570335686836925,19,43.83397920996319,39.341762646290235,-4.4922165636729545,0.5206658662413446,0.2277855641205324,0.10266292922214415,0.4431314192343603,0.2728873686698652,-0.12512263489838826,-0.24777849757147852,40.23452366647361,42.1939815063658,-1.9594578398921882,3.343601692356202,13,39.61529225389633,0.24777342523902846,39.27021766524928,44.85138057508122,43.480315552004335,258.4892437727275,1.6167182336189398,256.87252553910855,-5.581162909831946,3.5626139068111113,14,KTUL,72356013968,1,44.240699080580086
FPC,31,1.3341034249783539,31,8.97188090298593,13.828787933363373,4.856907030377442,-0.27902664362135,-0.4112824106517152,0.19698668535388908,0.05909780578898172,0.14977532270720406,0.6082690960056063,0.42880196632855583,11.843089677317945,7.575929368644675,4.26716030867327,0.8072405682866837,37,14.046959975792017,3.3547304141443135,10.345176770142729,2.6171915222700237,6.8840365215459,669.7895056406278,159.96081924627288,509.8286863943549,7.727985247872705,1.0449373553189398,38,"KTPA,KGNV","72211012842,74756012816",2,52.466475089891965
NYIS/ZONC,32,1.2679204701020934,39,-6.7117963737133195,1.2359146921555597,7.947711065868879,1.23545020386082,1.219446391030134,0.23986218173323998,0.40249766573295975,0.3609729046180121,-0.9795842092968936,-0.8744772992428089,-0.29634016941065333,-8.035001280150194,7.738661110739541,-0.05482140544391412,60,1.3945898234783538,0.2681758389690536,1.1234012936650384,-16.632938912648655,-6.658694198901804,22.02341822514677,4.235043566260856,17.788374658885914,17.756340206313695,0.9492552971158715,41,KSYR,72519014771,1,
ISNE/4001,33,1.0049321332171792,35,-4.653828077632671,3.9981452265895223,8.651973304222192,0.1665570101916618,0.30844094760394114,0.0032814256601802483,0.038471688110272684,0.011526043953700604,-0.30515952194375906,-0.15503096623796075,7.380191302586179,-1.1459968983488276,8.526188200935007,0.13722991942082785,55,4.195246718926615,-0.19109022265652031,4.394734850193527,-15.956389662287895,-4.2972940082357525,44.881731323934446,-2.044327927892482,46.92605925182693,20.351124512481423,1.0023204739448017,39,KPWM,72606014764,1,
PJM/JC,34,1.0004655457630185,48,-1.188542720016228,4.1261952772626564,5.314737997278884,-0.31554815391053204,-0.412467881336136,-0.09147979444055121,-0.23961251167133568,-0.18085517674741158,0.3209880868955839,0.13469297716312045,9.150158552507717,5.345390075853574,3.804768476654143,0.20135706371512757,53,4.293651450068636,-0.44518015652145193,4.760022281232135,-4.6242863570753805,0.2348539718923126,93.85073569901442,-9.730758468406293,103.58149416742071,9.384308638307516,0.6557707190251895,50,"KTTN,KACY","72407093730,72409514792",2,68.41983037787152
MISO/0035,35,0.9455058345852972,37,7.543440532046963,10.734787819936177,3.1913472878892133,1.4079916814281361,1.057568325157673,0.2328019154403178,0.24695378151260572,0.2855791169484556,-0.8247664097173573,-1.1224125644796779,9.22567108340307,8.651722598893908,0.5739484845091614,0.6850523957654778,39,10.7583900403049,0.23307836074777377,10.50083650197353,6.810149714447267,7.785898044525719,959.5307340310756,20.788040751191147,938.7426932798844,3.690686787526264,1.2843526365051736,34,"KDSM,KSTL","72434013994,72546014933",2,
NYIS/ZONB,36,0.9300926211951028,36,-3.2826756269131674,4.013824940880495,7.296500567793663,0.659440385143018,0.7292571829011907,0.10937864984816642,0.19234360410830975,0.1471766391855498,-0.6198785330530256,-0.512263745957469,5.203247586514598,-1.3815795771008856,6.584827163615484,0.3396764450916244,50,4.310697125128615,0.3708882292866367,3.925250603384045,-11.587601077240828,-3.0796656858340543,41.00923215445766,3.5283948411748725,37.48083731328279,15.512851680624873,1.079062695789558,37,KROC,72529014768,1,
LGEE,37,0.9243932360231405,42,12.198537378132501,15.001068664716799,2.8025312865842977,-0.15200708875629942,-0.10052557813594909,0.07331814996496155,-0.20079365079365097,-0.03759813267635215,0.17384372810091175,0.1144089560799495,16.30593140627322,15.805571573569576,0.5003598327036443,0.43983284708886805,47,15.325338872893447,0.7453758571563052,14.472091539377052,11.278371991154135,12.518067540418908,537.8800052818137,26.16077682257992,511.7192284592338,3.1937195482229175,0.9736011286487456,40,"KSDF,KLEX","72422093820,72423093821",2,31.937233961547555
ISNE/4006,38,0.915819362381343,46,0.8137353560731642,5.312194474288234,4.49845911821507,0.8155000321488313,0.5135599159074964,-0.022354590049053935,0.2037348272642392,0.04419832283710745,-0.5359145059565531,-0.7713017093117269,9.50539122128675,5.761616039331189,3.743775181955561,0.4392911040633905,48,5.515349942313175,-0.4827844493335731,6.027232934981952,-3.667347560236367,1.367324708788864,72.91520658675836,-6.382610029866555,79.29781661662491,9.694580495218318,0.9163946878852562,43,KEWB,72506594726,1,
SWPP,39,0.8541353275873178,34,11.52198021543649,13.544093934431523,2.0221137189950333,0.6531857444315481,0.1567215603830885,-0.08792338238729269,0.2924525365701838,0.10081092256975221,-0.24464494277038007,-0.5523748218617976,19.003602121286452,14.531213261118886,4.472388860167566,2.0589777828102354,26,13.706341596227723,-0.7791997556457986,14.599299054431647,10.746838959975257,11.982185548363745,3771.416455506347,-214.40343945446875,3985.819894960816,3.85246009445639,1.8343805585273398,29,"KOKC,KICT,KOMA","72353013967,72450003928,72550014942",3,78.53497124150347
NYIS/ZONI,40,0.8327597318106363,51,-2.0847551172369028,2.5724797453287485,4.657234862565652,0.5871323122391114,0.3897956865309613,0.13691237963108127,0.3710155995918969,0.20180664936553927,-0.25288330689988214,-0.38532566287357195,2.781431069866345,-1.763861676146731,4.545292746013076,-0.03313857837477513,58,2.7701178135779214,1.291227796643768,1.4600376055300845,-7.130112987678416,-2.7223319962254355,16.24382626180011,7.571692398886626,8.672133862913483,8.5901505932085,0.3577715177821294,56,KHPN,72503794745,1,
PJM/PL,41,0.8173760791870421,15,0.749063002819983,2.578060106154423,1.8289971033344399,-0.5698906309282084,-0.5780425134314413,-0.06273651016117732,-0.362926003734827,-0.18864381257876683,0.515306003270263,0.38124681834944063,6.751619514745323,6.596361036731762,0.15525847801356019,3.0121327530717457,16,2.691309673310305,0.5685187014005999,2.110790731851697,-0.15160706788130973,0.9473351421749987,112.70077088894686,23.807180774489098,88.89359011445777,2.262397799733007,3.1464262237134424,16,"KAVP,KABE","72513014777,72517014737",2,43.679839495018115
BANC,42,0.7423995276546063,55,0.7380002445370071,5.659683842734853,4.921683598197846,0.723723193405803,0.0065763642824023805,-0.11693113363667174,0.5527350488217877,0.20477548082276886,-0.12350749791907223,-0.5189477125830342,11.686490818638603,1.4572181300675187,10.229272688571085,2.3487747099485894,20,5.5915795865910445,-0.7753879619995074,6.416722038834655,-3.2894265569237024,-0.32292680629073534,90.42193933639942,-12.538868878881203,102.96080821528062,9.706148595758357,0.9214259523017234,42,KSMF,72483993225,1,45.04535758263701
PJM/EKPC,43,0.7212770654203929,33,12.12049593537845,15.212307683419834,3.0918117480413834,-0.3686721986449317,-0.3266221168408414,-0.03380953860412306,-0.34178456693411796,-0.15652547571958886,0.2928125782367177,0.21214672292534154,18.913406496476984,17.878589046093744,1.0348174503832404,0.7194614387955854,38,15.594109680926183,0.7108767062055099,14.778178347248595,12.115074821967319,12.662925940837466,206.87329492272283,9.43057407608353,197.4427208466393,2.663103525281276,1.3726465619091441,32,KLEX,72422093820,1,56.45645557608553
CISO/SCE,44,0.6190425526479786,43,7.347150651317902,9.068175583571847,1.721024932253945,-0.3086316583084816,-0.4849159074982463,-0.09609320252277515,-0.13611111111111152,-0.1478956504878719,0.38882270497547244,0.16073600782061304,14.137822030276396,13.101865487700458,1.0359565425759385,1.6275321156278038,30,9.09656220352948,-0.9360587389154351,10.127419538057536,20.12093885942925,8.3545047793669,894.1269161362543,-92.00787009669511,986.1347862329494,-9.993519321371712,1.219658980159052,35,"KLAX,KONT","72295023174,74704003102",2,72.88958352641984
ISNE/4002,45,0.5462901183908622,50,2.3679647314691854,6.754040686015483,4.386075954546298,0.2996780346534962,-0.030518570427469527,-0.06000934361130572,0.19584500466853338,0.04185773033002693,-0.029490773183836083,-0.25782030432346836,11.36343012334785,5.595475012023161,5.76795511132469,0.6680472090807443,40,6.971574333339836,-0.45063710618907793,7.455810086344972,-1.5494370157660753,2.7406227545877293,72.9838825447548,-4.717621021571404,77.70150356632621,9.005247102111047,0.8484081919570581,45,KMHT,74394514710,1,
PNM,46,0.542090926530288,38,7.165914410656482,12.040117788707194,4.874203378050712,1.0959380012229865,1.0678279645191413,0.38506069094304385,0.3176528944911299,0.4416212648147195,-0.682767273576097,-0.6543167364082638,6.839986668226018,3.397007122807781,3.442979545418237,0.47429104369986197,46,12.327321819155523,1.2077033029583406,10.986929011630032,1.9145146566661886,6.586809946159766,171.167366911744,16.769205623947528,154.39816128779648,9.072414354963843,0.8750759049686833,44,KABQ,72365023050,1,103.18935720003545
NYIS/ZONK,47,0.514781048900132,58,-3.5788704977738894,1.0276126648988138,4.606483162672703,0.6708965205146367,0.6274001401541689,0.17759869189441713,0.1643907563025211,0.1396793207090674,-0.4498014482597519,-0.5312171998055693,0.46564012678068956,-1.455629093003565,1.9212692197842545,-0.695973640630843,71,1.167706857995654,1.6286524781908618,-0.4535587247839534,-8.867295946277675,-4.053499591944054,23.567833793337968,32.87110172410485,-9.303267930766879,8.413737221493722,-0.11104473907416632,62,KISP,72505004781,1,
MISO/8910,48,0.48545526414905565,49,6.854690549618159,8.46813470897063,1.613444159352472,0.6661239815343798,0.45902826442420164,0.4550572296192481,0.7455882352941172,0.6327359205392913,-0.003971034804951756,-0.03338806099508895,1.0085388266350162,-3.051712656293785,4.060251482928801,-0.1406415698397014,63,8.670027246136458,2.4217032175999798,6.100585942475112,3.705298861039563,4.65861549259996,1525.5463205088927,426.11405109718544,1099.4322694117072,2.3952870814355487,0.6014398533515908,51,"KLIT,KBTR,KJAN","72232013970,72235003940,72340313963",3,
FMPP,49,0.45556665297211246,40,9.730401588867444,12.875773138477076,3.1453715496096315,-0.11155789881637546,-0.17783672466642741,0.20485133400435096,-0.13429755376727037,0.1485270429220309,0.3826880586707775,0.260084941738407,10.913018908867288,8.941921029854772,1.9710978790125164,0.2408650569709737,52,13.02357777215204,2.095811617825638,10.703442169823973,6.60408063378759,8.52900479006311,206.37632767739274,33.210989542008065,173.16533813538467,4.099361536036382,0.7044140662700109,48,KMCO,72205012815,1,26.932074947151694
BPAT,50,0.4467961166517026,53,10.045802532929393,12.193277975904993,2.1474754429755993,1.0219490344057203,0.8181499649614565,0.13226465779023594,0.3843954248366015,0.318066786964903,-0.6858853071712225,-0.7038822474408191,12.908009843684468,9.032320752002757,3.8756890916817106,1.3093180080472286,32,12.130359265192482,-0.15538905668359693,12.304868741339403,10.02251241603831,10.643717766596673,678.2130588962063,-8.687862012033293,686.9009209082396,2.282356325301093,0.5117521380440223,53,"KPDX,KGEG","72698024229,72785024157",2,31.023085327908714
PJM/PN,51,0.4137753073244049,47,-0.6838344950200081,3.897822359882497,4.581656854902505,0.19354142115347273,0.09385073580939185,0.12053258584442883,0.22348856209150325,0.16956434711610258,0.02668185003503787,-0.02397707403737037,4.23346230915835,-0.9335848982042974,5.167047207362647,-0.11347964336454924,62,4.1665729253032024,0.7402832131213621,3.4011118520813843,-4.71236998177611,-0.9089978866397286,72.00334382691881,12.792975829121133,59.210367997797675,8.113481833857495,0.5874850988689234,52,"KJST,KERI","72512704726,72526014860",2,85.77319369488052
PJM,52,0.40068879467557494,64,5.067516551178852,7.814462130534117,2.7469455793552644,0.645128889543523,0.5743138285447333,0.2648913805185703,0.1915732959850609,0.24204132289195668,-0.3094224480261616,-0.40308756665156587,5.08228756508553,4.6079445631060985,0.4743430019794319,-1.1052413958047103,82,8.022274343095148,1.5175919175048902,6.4074435797059515,3.4833312862942556,4.703244387045125,6608.102312553587,1250.0697720725875,5358.032540480999,2.924112293411696,-0.29588822827386907,69,"KORD,KPIT,KIAD,KPHL","72403093738,72408013739,72520094823,72530094846",4,64.89054135148943
PJM/PS,53,0.3793730787523789,62,-1.1532219678328293,2.893495695990267,4.046717663823096,0.721820642160937,0.6155403456116986,0.17310062415126248,0.3524109219959164,0.23667961688878236,-0.44243972146043653,-0.48514102527215464,2.429965915221606,-1.217896037176124,3.6478619523977303,-0.9116065856743231,78,3.1139963418160166,0.8733168149113624,2.2212807089668773,-6.365605445973232,-1.5962480545972935,136.88272497092476,38.388608163322715,98.49411680760204,8.58688615494011,-0.0546828913508518,61,KEWR,72502014734,1,72.75610562360808
ISNE/4003,54,0.3777622349464188,57,-6.497459901938685,1.0459297815163415,7.543389683455026,1.4234524309548586,1.523481663162813,0.3115767344078487,0.3792016806722689,0.38264989219506496,-1.2119049287549615,-1.0408025387597934,-1.9504234320616813,-7.701008751519873,5.7505853194581915,-1.633431275620671,97,1.2368225530624333,0.6471064842533236,0.5859245132907809,-17.36893333132733,-5.88862034586588,6.513790546878909,3.4080200830075,3.1057704638714085,17.95485784461811,-0.26135277669348156,68,KBTV,72617014742,1,
TEC,55,0.3412035538170227,41,6.085735408206627,9.690481124006922,3.604745715800295,0.07936986692346082,0.07911118897453662,0.38485167017052113,0.26130368814192373,0.2993143195380483,0.3057404811959823,0.21994445261458362,3.5887219452596764,2.281252006788212,1.3074699384714643,-0.7016168819138986,72,9.888960830124605,2.8836978926985557,6.8089144158991255,1.056151412433759,4.144417321600713,191.12515864396755,55.73358279914851,135.39157584481904,5.7527630034653665,0.4079544423959228,54,KTPA,72211012842,1,35.42260213751531
ERCO/COAS,56,0.32676423263801246,44,19.768235926460353,23.87575152331771,4.107515596857358,0.6111458213674545,0.5152067274001375,0.468307638402242,0.8033088235294112,0.6421308737743248,-0.04689908899789774,0.030985052406872216,16.145642925973902,9.443485560191565,6.7021573657823375,0.6491074441987937,42,23.98038399896649,2.46134704263401,21.00210233170021,14.85407575791533,16.67952608457266,2522.3629958639594,258.89538301750144,2263.467612846458,6.148026573784881,0.7627997833630972,47,"KIAH,KHOU","72243012960,72244012918",2,
ISNE/4005,57,0.3042441554764157,59,-0.57780263674303,3.5424510960548217,4.120253732797852,0.3947138959403631,0.16438332165381908,-0.025496379350619103,0.005718954248366437,0.0005086213271594531,-0.18987970100443796,-0.39420527461320454,7.491790098540418,3.9846389318205304,3.507151166719888,0.04434494585394699,56,3.749696613653719,-0.34495225850000866,4.108822347639651,-4.748328171609373,-0.009988671365357416,27.55527752699402,-2.534939808708714,30.090217335702732,8.857150519249025,0.3919931929013949,55,KPVD,72507014765,1,
IPCO,58,0.2534805504488124,45,13.753432484577033,15.371060075185316,1.6176275906082829,0.6414242450135728,0.3280308339173086,0.11603597290352724,0.579540149393091,0.40282854726743444,-0.21199486101378184,-0.2385956977461392,16.03073962202729,9.363555049983926,6.6671845720433645,2.1791336559221026,23,15.917219264002004,0.7831304967760078,15.016490054067265,9.79689413835203,12.373859002430043,272.7084795106757,13.417313884544,259.2911656261317,5.219595915715235,1.217679404105661,36,KBOI,72681024131,1,34.25467100996552
MISO/0001,59,0.22437930849335153,61,2.1618200467782955,4.690039068020546,2.5282190212422506,1.8851436515994164,1.7732831114225656,0.169715019855174,0.29311391223155914,0.2282672202401197,-1.6035680915673893,-1.6568764313592954,5.3705055472133765,6.31064275876098,-0.9401372115476034,-0.0383145201917577,59,4.5555488474224415,-0.17616805137350422,4.740067383138613,-0.13151196297012113,2.416889374004283,446.8001161025568,-17.278248668495507,464.0783647710523,4.871579346108734,0.2835876292744581,58,"KMSP,KFAR","72658014922,72753014914",2,
TVA,60,0.1955299500172632,54,8.690858586115603,11.358541813942335,2.667683227826732,-0.025295115928717138,0.01291754263022682,0.17674608736276576,0.04470399270819403,0.10315714833076584,0.1638285447325396,0.12845226425948297,10.253776014215402,9.305044826155271,0.9487311880601315,-0.22384354975272827,65,11.611562975272527,1.400259602760623,10.070293125989082,7.638407679873804,8.23716331492863,1813.5630612212935,218.70088437663435,1594.8621768446592,2.4318854461152775,0.2984666084822554,57,"KBNA,KMEM,KCHA","72324013882,72327013897,72334013893",3,15.940853268844737
ISNE/4008,61,0.060373947066381495,60,0.11046401294014796,3.689574129460471,3.579110116520323,-0.34370476769645997,-0.4738612473721098,-0.29129876197150184,-0.13811274509803972,-0.22972872418051993,0.18256248540060582,0.11397604351594026,13.513539049135623,7.738167546181074,5.775371502954549,1.1080242715344446,35,3.8604211336302097,-1.7156344524732359,5.673390223399344,-2.1841139569781953,1.2542289527756934,88.47652395359773,-39.32041802577214,127.79694197936988,7.857504180377539,0.6681312439346552,49,KBOS,72509014739,1,
ERCO/EAST,62,-0.044534456683893164,52,14.786120735110387,21.699477227265195,6.913356492154808,0.5806174605751906,0.3371758934828293,0.13521373510861956,0.810597572362278,0.39521953585149383,-0.2019621583742115,-0.18539792472369188,21.901456317924378,10.372109411319276,11.529346906605102,1.2736400304525666,33,21.994143398661503,0.4022468597276285,21.505391775843407,9.143034864670806,13.571824185151193,300.62864123957957,5.498142150431022,295.13049908914854,12.3623569111726,0.8257983227463815,46,"KTYR,KGGG","72244813972,72247003901",2,
NYIS,63,-0.05287412150407965,72,-2.952073648951492,2.250692970318924,5.202766619270416,0.6540157256466053,0.6244335435645869,0.10482363933660377,0.15012838468720835,0.12722579642802723,-0.519609904227984,-0.5267899292185767,3.4546892924322927,-0.5835724214994906,4.038261713931783,-0.8733596199959166,77,2.4637318286636845,0.5245152424035116,1.92909817230551,-8.441658009386387,-2.9267695196290133,382.24842588465617,81.37863197148363,300.86979391317254,10.370756181691897,-0.42998513930422216,73,"KLGA,KALB,KBUF","72503014732,72518014735,72528014733",3,44.481370692823894
JEA,64,-0.07635621118631353,56,7.955856341092482,10.664531887450401,2.7086755463579193,-0.2652664111611571,-0.4679747722494767,0.20929105349217503,0.25412581699346326,0.21407827199859497,0.6772658257416491,0.4793446831597541,8.32780423472415,5.040594125856417,3.2872101088677326,-0.3137460396283528,67,10.824062803693835,3.0321685686322652,7.562583941801826,5.375935394141851,6.074674490143717,131.21968465720147,36.75885946149742,94.46082519570405,2.186648547659975,-0.19642649218575714,65,KJAX,72206013889,1,14.551816624833783
PJM/ATSI,65,-0.092871466495132,65,2.713333428981146,4.146946364690662,1.4336129357095162,-0.15026620670317214,-0.2652534454566702,-0.0044498948843728625,-0.11877334267040185,-0.03749009562355399,0.2608035505722963,0.1127761110796186,7.190781179757592,6.323733989097284,0.8670471906603083,-0.2547778122884721,66,4.3695766662972035,0.23524321752361743,4.124630535191631,2.6191619952225187,3.0700667317415498,295.38332140029615,15.902438207567684,279.48088319272847,1.5054685399691126,0.011134924699142623,60,"KCLE,KTOL,KAKR","72430314813,72524014820,72536094830",3,2.021146131279624
ISNE,66,-0.10630999297402571,84,-3.197109583272928,2.379004887784242,5.57611447105717,0.06126047766662168,0.0413104414856349,-0.09411936463443116,-0.22984360410831028,-0.16149700012736856,-0.13542980612006517,-0.2227574777939907,7.883258823417821,4.163557901820628,3.719700921597193,-0.7114695292139328,74,2.5740159634293214,-0.803945234883785,3.405338252929213,-9.719107214402634,-1.9984010800638274,305.6755431127858,-95.47197833949394,401.14752145227976,13.124445467331846,-0.43303888927465684,74,"KBOS,KBDL","72508014740,72509014739",2,41.00768717339597
PJM/CE,67,-0.1171836910535752,63,-0.8537176433144222,2.073801416547072,2.927519059861494,1.6270353554949217,1.4300105115627186,0.4435937864984818,0.6310866013071892,0.5470546530772813,-0.9864167250642382,-1.0799807024176413,-4.216748080306754,-5.361449273186008,1.1447011928792543,-1.7977787243476056,99,2.274603048960433,2.0741449168979464,0.19638482617285735,-4.976425446300137,-2.4112051930413325,225.80658718666928,205.90651420666836,19.900072980000914,5.1728102724729945,-0.3128941751362106,70,"KORD,KMDW","72530094846,72534014819",2,91.00027716854832
PJM/DPL,68,-0.12282261723759605,66,-3.0372084301354962,0.23427932707029697,3.271487757205793,-0.38165894971971603,-0.4599859845830423,-0.1206377014716189,-0.3232434640522879,-0.24610535346373785,0.3393482831114216,0.13555359625597774,5.923305427637803,4.858726573021885,1.0645788546159185,-0.4094208432415955,68,0.475638205848683,-0.22107862436197,0.698260534995887,-4.118534523745243,-1.5198218760808069,9.135949997505804,-4.246427710920443,13.382377708426247,4.81679505874113,-0.35591811924784816,72,"KILG,KSBY","72398093720,72418013781",2,20.812794705919796
ISNE/4007,69,-0.16737459120727394,73,-0.15639863202393522,3.215453393955814,3.371852025979749,0.8549840717454327,0.8484442813202904,0.11781861936471666,0.24858307023374326,0.19183148851734888,-0.7306256619555747,-0.6631525832280829,4.30905630052413,1.3304897261876425,2.9785665743364875,-1.0432790121792865,80,3.4191777950635327,0.5821261780995401,2.8206319798216084,-4.035486664926791,-0.23944922100700428,53.66276152285718,9.136260277739439,44.52650124511774,6.856118644748399,-0.4688604545921359,75,KORH,72510094746,1,
ISNE/4004,70,-0.2029187560806564,71,-4.97235410020801,-0.052050909901157905,4.920303190306852,0.42873774048040225,0.5006607761148096,0.03663413991844233,-0.3329491641945106,-0.10540833809052597,-0.4640266361963672,-0.5341460785709291,2.695683280873972,2.2879654199749977,0.4077178608989742,-1.520353209541517,94,0.1493326091125402,-0.10709928192987883,0.25670682220566565,-8.820806744992494,-3.6793475460154768,4.0236797714969725,-2.8857274831270843,6.909407254624057,9.07751356719816,-0.572239609692432,80,KBDL,72508014740,1,
PJM/BC,71,-0.21538477781752297,67,-2.848859727425812,0.5408933266325411,3.389753054058353,-0.13502502301954422,0.00616678346181132,0.010149497780892247,-0.6024568160597568,-0.2749025212415437,0.003982714319084479,-0.13987749822199813,3.478818990668718,6.598552099654134,-3.1197331089854154,-1.425130030446858,90,0.7717186114894581,0.0803343253110711,0.6908293131106413,-2.2282340401524547,-0.9358597525493728,24.250876103036262,2.524466484201639,21.726409618834623,2.919063353263096,-0.5797992918644586,81,KBWI,72406093721,1,31.69115740285311
PJM/DAY,72,-0.28692814768013586,74,1.1038154463069327,2.6065118841903656,1.5026964378834329,0.15416839527996196,0.02084793272599761,0.15724129876197135,-0.03144257703081221,0.0918540435419537,0.13639336603597307,-0.062314351738008256,1.9830535629827342,2.6117870103548864,-0.6287334473721522,-1.313831703615199,87,2.9032616141154266,1.164279176682248,1.718968841161872,0.8939804775690785,1.1479634843419406,51.311842928869055,20.57730862035146,30.734534308517595,0.8249883635927935,-0.5064839807770032,77,KDAY,72429093815,1,15.975742790472399
PJM/PEP,73,-0.2873172438740716,70,-4.851233999417104,-1.350338962931441,3.5008950364856632,-0.27783764219723395,-0.261422564821304,-0.17485400607334767,-0.42324929971988823,-0.3163978542617327,0.0865685587479561,-0.038560212064500554,5.8384274138253405,5.115103257988449,0.7233241558368917,-0.4225591466286785,69,-1.1581762027768505,-0.972102519702378,-0.1879002662976914,-5.582907950528348,-2.9470441813933324,-34.777856238508775,-29.19041299436458,-5.587443244144197,5.395007684230657,-0.3274816670206038,71,KDCA,72405013743,1,18.367897080988538
CPLE,74,-0.4639683567635249,77,3.139083201448023,6.593978097103181,3.4548948956551584,0.2073666136333614,0.3014365802382617,0.3974947442186405,-0.016795051353875046,0.21585010625066658,0.09605816398037792,0.008483492617302968,0.3888324981676252,1.8092302439826202,-1.420397745814995,-2.22193232992143,103,6.878638533559256,3.065526229824167,3.699697118154033,0.859856227623168,2.3750804907010092,415.7412150747314,185.27875733151905,230.46245774321233,2.8398408905308647,-1.0931264539357128,89,"KRDU,KILM","72302013748,72306013722",2,74.2862043646836
NEVP,75,-0.4669092510391971,83,8.919676642595142,8.97341660491775,0.05373996232260758,1.130117913224197,0.9840574632095311,0.5962742349918244,0.7640756302521012,0.7256645745020771,-0.38778322821770583,-0.40445333872211764,-1.4367676913747047,-1.6520984405779844,0.21533074920327966,-1.0454231070392894,81,9.405423881523166,1.568170135301794,7.716249820963728,8.743000380107112,7.59874596617145,356.9106780554348,59.5078619897572,297.4028160656776,-1.0267505591433848,-0.5201697735307029,78,KLAS,72386023169,1,163.88584269606008
DUK,76,-0.5128385483996409,76,4.117253066309345,6.781285800091208,2.6640327337818626,-0.11071207011366013,-0.2893950011679518,0.10607334734875051,-0.02769024276377241,0.04190425640935702,0.3954683485167019,0.15261632652301627,7.116878482659198,5.929524307505303,1.187354175153895,-0.7064044768835598,73,6.974799089725625,1.6180084901439518,5.271497325300589,2.7296888744086756,3.861102379582859,726.2333820289514,168.47105742152962,557.7623246074218,2.5418084508919137,-0.6078799409091383,82,"KCLT,KGSP","72312003870,72314013881",2,53.87144595350259
PJM/ME,77,-0.5162451737560868,86,-0.21752477461549624,1.711643256557993,1.9291680311734893,0.4701328507572651,0.3768220042046231,0.18289535155337533,0.12539098972922513,0.16289801461732978,-0.19392665265124975,-0.3072348361399353,0.7911492673850447,0.6482157697248141,0.14293349766023056,-1.5908683807584236,95,1.9964880497788995,0.9995229318847887,0.9870988386415203,-1.6315435854293847,-0.10385403711783425,31.11080845484912,15.57533313737622,15.535475317472901,2.618642424070905,-0.7442059426402733,83,KRDG,72510314712,1,39.06219931796088
SCL,78,-0.5629198256048282,81,1.1793403273232084,3.786306960163066,2.6069666328398577,-0.3859684503184173,-0.5797126839523479,0.07309039943938336,0.06292016806722689,0.10801249847765193,0.6528030833917295,0.49398094879606713,4.657263745951044,0.4324337580777913,4.224829987873253,0.6409258343607693,43,3.7301275476948614,2.235363885110142,1.4620808356142767,-1.4481813398031784,-0.32143183131378983,32.783960037030965,19.64653469368932,13.137425343341647,2.910262175417455,-0.8841010105847747,84,KSEA,72793024233,1,286.064429964679
EPE,79,-0.5679333669695295,82,8.207189374522962,10.235632621796231,2.0284432472732696,0.3752842417641915,0.10003501400560211,0.06402894491129762,0.5912698412698418,0.29170023965618963,-0.03600606909430493,-0.08358400210800054,11.950180835418111,5.607870761005551,6.34231007441256,0.8726046311604021,36,10.298043302779725,0.26669544421631386,10.00466587047779,2.2818387945208407,7.073265922245642,81.38545277463277,2.1076945243197542,79.27775825031301,7.72282707595695,-0.24339835870736454,66,KELP,72270023044,1,16.06830792149491
SWPP/SECI,80,-0.5895005557465962,80,10.660668905574578,11.067348439222325,0.4066795336477469,1.0478802598304497,0.35320135482363924,0.09004963793506204,0.5421534863945574,0.2988727231823334,-0.2631517168885775,-0.7490075366481168,12.381669961205269,10.204198399796503,2.1774715614087654,-0.1750564674729148,64,11.288021220927536,0.5449255949716347,10.684871028929543,9.83087054158398,10.044082915828657,67.90923630103066,3.2782965473879813,64.63093975364268,0.8540004873455622,-0.2541612459902721,67,"KGCK,KHYS","72451523064,72451803968",2,40.12619010785452
PJM/DUQ,81,-0.6193450305997568,68,-1.736980266214816,1.4479611975426687,3.1849414637574847,0.880752082679928,0.7033286615276797,0.40957720158841393,0.5526727357609706,0.5052287458993876,-0.29375145993926566,-0.37552333678053884,-4.682273275486066,-7.797146613751273,3.1148733382652063,-1.773991601663658,98,1.7815362875715834,3.393755737971249,-1.5593005969194995,-4.810297522753981,-3.5941746613167735,24.028030600368993,45.77244218432725,-21.744411583958254,3.2509969258344813,-0.9203210228046125,85,KPIT,72520094823,1,16.768363392349208
NYIS/ZONJ,82,-0.6709145963676626,88,-4.114052641213572,-1.7707874488747222,2.34326519233885,0.6905784953941279,0.544411352487737,-0.0042046250875964475,0.13329831932773129,0.02674664205235855,-0.5486159775753334,-0.6638318533417706,2.009593873932893,0.8285843153613843,1.1810095585715086,-0.6541388804150119,70,-1.5511873891636885,-0.30503894953288757,-1.2499613084757444,-5.678000300180397,-3.653639586627788,-80.06070633524814,-15.743832066950745,-64.3168742682974,4.4280389917046525,-0.5659073711358773,79,"KLGA,KJFK","72503014732,74486094789",2,
PJM/AP,83,-0.709496077850114,85,-1.087220059430305,0.3341417882315234,1.4213618476618284,-0.40200211023753063,-0.28357860313010974,0.23457136183134786,0.172245564892624,0.17880061375639578,0.5181499649614576,0.5808027239939255,-2.447884660839371,-3.614109317943833,1.166224657104462,-1.4690523772047397,92,0.5324710433745716,2.22187645034142,-1.6526847927581634,-3.4091279464954938,-2.224663444645014,27.90469540982849,116.43973199389984,-88.53503658407135,1.7564431537373304,-0.953555100598138,86,"KCKB,KLBE","72417503802,72520754735",2,13.900289906362433
LDWP,84,-0.7129540499954569,89,-7.743112650275896,-3.5618805757563266,4.18123207451957,0.23618583916736569,0.009740714786264704,-0.0036907264657790873,0.27916666666666634,0.09827933540176237,-0.01343144125204443,-0.13790650376560176,-0.2843113570898286,-6.109079345776409,5.82476798868658,0.2656255656676566,51,-3.370860313914492,-0.030406212301870017,-3.3414701161101346,-9.886638580287045,-7.8875437080534905,-84.58888696984332,-0.7630181663021176,-83.8258688035412,6.545168464176911,-1.0054607273602523,87,"KBUR,KLAX","72288023152,72295023174",2,180.63816883267813
PACE,85,-0.7351303586394562,78,11.870165598302851,11.235006371779122,-0.6351592265237294,1.3103254315529878,0.6835318850735801,0.05578719925251113,0.7539857609710552,0.46300536523402824,-0.6277446858210691,-0.8473200663189591,13.684956873924186,8.318967543459234,5.365989330464952,1.700453763473717,27,11.655533551760255,0.2990809495488689,11.322588895828222,11.368790336207702,11.102205723287373,582.3058460972843,14.941965943063224,567.3638801542211,-0.046201440379480374,0.11264123147455946,59,"KSLC,KCPR","72569024089,72572024127",2,107.29512601012912
PJM/DEOK,86,-0.7653477105866392,87,0.14963466352670984,1.6892221098551374,1.5395874463284276,-0.11812781194920774,0.04330763840224172,0.2466596589581873,-0.1910655929038283,0.03957181870324211,0.20335202055594515,0.15769963065244852,-1.0868196456797854,1.9931823006416511,-3.0800019463214365,-2.215477102765739,102,2.025266201968501,2.0473928216874437,-0.02168268988275157,0.0784456623159624,0.14945568229174366,54.64050415346219,55.2374674837547,-0.5969633302925104,-0.10012835219871397,-1.0954738966663133,90,KCVG,72421093814,1,21.833664939265887
SWPP/MPS,87,-0.8748657512070448,75,7.862059012543243,10.434010614242585,2.5719516016993413,0.9299128780560011,0.2181132949721185,-0.019926722048462464,0.33623934221713725,0.12991709316008127,-0.23804001702058208,-0.7999957848959189,14.297260740193124,11.115662601517979,3.1815981386751453,0.044334251828220456,57,10.291974807535365,-0.5421679600356777,10.893202219828858,7.553097286206523,8.519240280474571,91.86612889546427,-4.83938919702382,96.70551809248809,3.340104933622335,-0.18708732276955906,64,KSTJ,72449013993,1,
SWPP/KCPL,88,-1.0537399333463082,79,5.35823997000795,7.944322175225937,2.5860822052179877,0.8608753050378954,0.5837070777855633,0.12526278906797472,0.2399159663865551,0.17835294847872563,-0.4584442887175886,-0.6825223565591676,8.614226945196464,7.1938293246307445,1.4203976205657192,-0.750236626197217,76,8.092082278623014,0.3524116016404122,7.712490964049823,4.639864507286462,5.476594245707922,132.0216413910914,5.749565623762919,126.27207576732849,3.072626456763361,-0.4709688561603994,76,KMCI,72446003947,1,43.206675090690396
MISO,89,-1.113863370310467,90,2.522563548578871,4.0771578995972835,1.5545943510184124,1.125300902058008,0.9777768044849342,0.3138694230320016,0.3388101073762835,0.3533273537168795,-0.6639073814529315,-0.771973548341129,0.5246427457177276,1.0060925994349263,-0.48144985371719873,-1.9128284863491036,100,4.19624011128048,1.0908501779475,3.07188032138086,1.2951895270967295,2.0909414123460035,2839.767453328386,738.2229685725761,2101.54448475581,1.7766907942841303,-1.1133282929787938,91,"KMSP,KIND,KSTL,KJAN","72235003940,72434013994,72438093819,72658014922",4,63.15227984885014
PJM/PE,90,-1.1680234936371554,93,-2.603275403862748,-1.4390847565533549,1.1641906473093933,0.03332788597741576,-0.14288717589348288,-0.013186171455267237,-0.01157212885154113,0.0072938674403819626,0.12970100443821497,-0.026034018537034243,1.9292889053772004,0.5485962190150042,1.3806926863621962,-1.3576988066427234,88,-1.2446574367934504,0.10780314465461682,-1.3510041564829711,-2.5678276632406516,-2.3219052593789757,-49.5592150858115,4.292457566982648,-53.85167265279415,1.2168235067576805,-1.2958217704279562,94,KPHL,72408013739,1,46.10887554067654
ERCO/NCEN,91,-1.3247750255867439,69,15.735559583288804,18.692468784296402,2.9569092010075977,0.7045762955550252,0.5520263957019402,0.355331698201355,0.5705298786181139,0.49256584118049584,-0.19669469750058344,-0.21201045437452937,13.741838025798023,9.376862388803513,4.36497563699451,-0.09616836929695605,61,19.026105291441866,1.6364407468580922,17.109674853624135,12.895115097055921,13.88205997024703,2190.9339268133117,188.4428524172963,2002.4910743960154,4.214559756568214,-0.18705004539448977,63,KDFW,72259003927,1,
PJM/AE,92,-1.3317691960375448,91,-6.01301703590792,-2.8365036071723804,3.1765134287355394,-0.15154679220736966,-0.1651658804368239,-0.10316716389445824,-0.3876387316155774,-0.25710706997852917,0.06199871654236766,-0.10556027777115684,2.698293416843878,2.9438830765781114,-0.2455896597342333,-1.6097108241623235,96,-2.6290512676964584,-0.7967584915938408,-1.8470089769671127,-8.044037180628038,-3.9201902461284077,-29.375843436239848,-8.902623160355006,-20.47322027588484,6.197028203660926,-1.2627134046636563,93,KACY,72407093730,1,54.52820324079927
SOCO,93,-1.5672182151237855,96,2.115179190145211,2.46470261639653,0.34952342625131916,-0.5375981800448884,-0.5987736510161188,-0.06425484699836481,-0.29443277310924376,-0.20636367279123302,0.5345188040177531,0.33123450725365533,6.656151342769164,8.505489151948513,-1.8493378091793495,-1.040863794081689,79,2.7103276021547273,0.693317640834823,2.00312196338035,2.4497611863702584,2.6998167667365847,636.5031535664348,162.82122665310453,473.68192691333024,-0.44663922298990855,-1.5233463167809616,95,"KATL,KBHM","72219013874,72228013876",2,118.16331183971677
PSCO,94,-1.66043115028315,92,-2.251049813038397,-0.3054797652863761,1.945570047752021,1.3267379996477118,0.8525052557813604,0.03651600093436114,0.4042250233426703,0.22762202452555647,-0.8159892548469987,-1.0991159751221549,2.7677864761298903,-0.01063843402141007,2.7784249101513003,0.18257752695158153,54,0.0588782731467008,0.19581913628128333,-0.136673230794504,-3.8896736280286337,-2.443293072886199,2.719346399559072,9.04408425642032,-6.324737856861248,3.7530003972341297,-1.0248770262051816,88,KDEN,72565003017,1,30.374365250268383
MISO/0006,95,-1.8539072294915762,99,-1.6787561938572226,-1.0992482875201048,0.5795079063371178,0.6960472166350335,0.5446741415557099,0.37148446624620446,0.4199696545284781,0.4116125303941449,-0.1731896753095068,-0.2844346862408882,-6.4491904686761945,-6.094435557747251,-0.3547549109289436,-2.2673615900335484,104,-0.9154418677244203,1.6151192248709867,-2.4903391462793523,-2.7165039329130947,-2.4949865487602474,-87.45618660888613,154.2994408558534,-241.75562746473952,0.2261647866337424,-2.0432329370752242,101,"KIND,KEVV","72432093817,72438093819",2,
MISO/0027,96,-1.9562638541209665,98,-0.26187164283301145,0.09608718419182871,0.35795882702484016,0.6608130720528962,0.581867554309742,0.17900607334734886,0.10212418300653603,0.15384105415573157,-0.4028614809623914,-0.5069720178971657,-0.5418455674638363,1.4815775669788005,-2.0234231344426368,-1.2654814000630932,86,0.3054860451424446,0.9706799893696383,-0.6587991130665105,-0.4222029498500257,-0.4445845443269092,51.18152914401435,162.6289873315436,-111.44745818752926,-0.2365961632164848,-1.8890153543151789,98,"KMKE,KDTW","72537094847,72640014839",2,
MISO/0004,97,-2.0310281068711737,100,-8.815577448809254,-6.05557436951405,2.7600030792952044,0.7586268706920958,0.5647273595157589,0.30773931209791283,0.2801901920188361,0.3001365111821883,-0.2569880474178454,-0.45849035950991013,-9.837895494734399,-10.299537331625736,0.46164183689133687,-2.559101683372789,107,-5.879734336460951,1.435667146461661,-7.21186313327048,-12.301096707511295,-9.196181585784425,-293.72893588557054,71.7204144073421,-365.44935029291264,5.089233574240815,-2.324770564007311,103,"KSPI,KMDH","72433693810,72439093822",2,
PACW,98,-2.0362789261320136,105,-3.5226982136650653,-1.7396122930938063,1.783085920571259,0.6615833766302224,0.4022599859845819,0.1814003737444523,0.5455473856209152,0.3996863656051479,-0.2208596122401314,-0.26189701102507357,-2.6004450335346334,-7.766553673779492,5.166108640244858,-1.5136636488452657,93,-1.294425858318371,1.1779869532117182,-2.4436272019064953,-4.1320624322905175,-3.6813960788302014,-25.056796700708674,22.8028352593783,-47.85963196008697,1.6884352303840222,-2.9848984399489136,105,"KPDX,KMFR","72597024225,72698024229",2,179.0904301672049
SWPP/CSWS,99,-2.0753627782243735,94,3.261803620356929,4.5989168331565855,1.3371132127996566,-0.027560863988078665,-0.30127890679747793,0.27037491240364364,0.5821895424836594,0.43704687820624155,0.5716538192011207,0.46460774219431844,0.9305061902169864,-4.26695634518395,5.197462535400937,-1.4035754844616435,89,4.944427200244905,2.8379968651982113,2.048299655046626,-0.3578648461088463,0.7289432736504953,238.23380951167655,136.7411789468506,101.49263056482596,2.406164501155472,-1.7891784407383478,97,"KTUL,KSHV","72248013957,72356013968",2,94.2617314991096
SWPP/EDE,100,-2.337176812796577,95,6.692119805134666,8.191101071699691,1.4989812665650248,0.7968457303835415,0.4126114991707439,0.1919643809881868,0.8633069946671954,0.4629335610676004,-0.22064711818255667,-0.33391216931594236,7.08301876046794,1.373343881293649,5.709674879174291,-1.122176306275734,83,8.549958726680206,0.49116377105677955,8.019406536064523,2.9769718410944,5.68896222478803,45.06659597457531,2.588910652690288,42.47768532188502,5.042434694970122,-1.206425516124159,92,KJLN,72349513987,1,5.5521216324943286
AVA,101,-2.392530187862586,102,2.599076592113314,2.9505691335356854,0.3514925414223713,1.355299048090485,1.1956902592852137,0.15370240597991125,0.452719421101774,0.3719369210985004,-1.0419878533053009,-0.9833621269919828,3.4905137643807542,1.4217064389378073,2.068807325442947,-0.7203282654439102,75,2.851192642804623,-0.6816300031296185,3.5570686933802387,2.2519538737439504,2.875326914301146,35.76664325157185,-8.550673421885449,44.3173166734573,1.3051148196362883,-1.6964713687737711,96,KGEG,72785024157,1,43.97328482294613
SWPP/WR,102,-2.579942917145496,101,1.012982008359553,1.665150220880962,0.652168212521409,0.2249461246994393,-0.13698318149964983,-0.02940901658491013,0.15280112044817873,0.05760139273024345,0.10757416491473926,-0.16734473196919808,5.433210290432272,3.5993937690370927,1.8338165213951791,-1.2644905508284285,85,1.7803025923095461,-0.04033730143722103,1.8213745871042741,0.47744925400179383,1.195228414991667,57.7570530645753,-1.3086335264888476,59.06568659106415,1.3439253331024803,-1.9207927176774895,99,"KICT,KTOP","72450003928,72456013996",2,17.473407656268808
SCEG,103,-2.648541419064774,97,3.481964696591344,2.2714971387062244,-1.2104675578851198,-0.45988099147694683,-0.21350397177453395,0.1587487697879819,-0.49747605324361377,-0.161214110592951,0.37225274156251675,0.2986668808839985,1.3964883116070315,9.040011683388189,-7.643523371781157,-2.291027759896579,105,2.6195501157704637,1.7134809256202255,0.890805409376183,7.728300794661291,4.100437536961299,63.93769537220169,41.82245676035154,22.115238611850145,-6.837495385285108,-1.9860689417624933,100,KCAE,72310013883,1,47.39547477804976
SWPP/WFEC,104,-2.9266949890624265,103,7.854618025477933,5.953843517094293,-1.9007745083836403,-0.2920939741606219,-0.46762895673469274,-0.1098816119604038,-0.03848483902499833,-0.14380712471017443,0.35774734477428627,0.14828684945044834,11.374449834256815,13.566701839218677,-2.192252004961862,-1.1242744739000923,84,6.1586222019331505,0.28922933353645597,5.852465820508601,9.4494391850096,8.189112976064239,61.844517480947616,2.904423747292526,58.94009373365509,-3.5969733645009994,-2.1866379471068673,102,KLAW,72357503950,1,89.55490293646793
TPWR,105,-3.430725082129711,106,-5.121149878662068,-5.099827589742912,0.021322288919156662,0.20574450677887057,-0.04361714552674556,0.06324456902592855,0.24939309056956138,0.20054867961677414,0.10686171455267335,-0.005195827162094879,-3.4979532668273823,-6.083776828256302,2.58582356142892,-1.4636574095293438,91,-5.100352097323524,1.1384989853541416,-6.168621390733819,-5.754373600296159,-5.501464626147756,-23.687751961259664,5.287572516290936,-28.9753244775506,-0.4142477904376607,-3.4489624557873686,107,"KTIW,KSEA","72793024233,72793894274",2,69.51047400624273
CPLW,106,-3.504549640000281,107,-4.083354548181495,-1.8877557306453907,2.195598817536104,-0.11553168019003834,-0.08224421864050413,0.24006073347348766,-0.1381185807656391,0.052912299527895,0.322304952113992,0.16844397971793157,-4.618558419476075,-2.555898714112371,-2.0626597053637044,-4.407902895421124,111,-1.6722891482129687,2.724064046682595,-4.27976953179896,-5.628697460283427,-4.373039257058187,-8.232428403708468,13.410158318252059,-21.642586721960527,1.3489279284844669,-4.071158638887329,108,KAVL,72315003812,1,212.1136488381632
WALC,107,-3.6551481706090097,104,-0.33051889740403073,-0.4081003038173381,-0.07758140641330735,1.4163398066281765,1.3046743697479002,0.8185224089635854,1.004936974789917,0.9478430942929332,-0.48615196078431344,-0.4684967123352408,-15.925672410108819,-15.329365832650765,-0.5963065774580532,-3.3681716781841784,109,0.280688303475074,1.9436069312647408,-1.6312142348571923,-6.396178706935118,-1.76709286014054,2.8437658355549047,19.691461740475006,-16.8476959049201,4.764964472077926,-2.41427257033585,104,"KPHX,KLAS","72278023183,72386023169",2,98.91873465999208
NWMT,108,-3.7611851472689333,108,-5.266515951598993,-5.440633311000475,-0.17411735940148176,1.777882415236034,1.642992291520673,-0.0036264891380518582,0.054032446311857996,0.09575153911257761,-1.6466187806587271,-1.6821308761234555,-0.666843207585865,1.7414214970802053,-2.4082647046660703,-2.0580361659089355,101,-5.4068924946140235,-1.2579407546030485,-4.201807995212925,-4.9869674272259745,-4.172981827729916,-70.02594931878139,-16.291889586414072,-53.734059732367314,0.7851594320130495,-3.2437971258150995,106,"KBIL,KHLN","72677024033,72772024144",2,98.35834239895142
AECI,109,-4.962931954549852,109,-2.470098119698272,-3.5432200576304917,-1.0731219379322199,0.32355187908496674,-0.07688103465536322,0.04316005405617784,0.23598430897782752,0.10236063561226949,0.12004108871153996,-0.22119124347269636,-1.483726302864813,-0.6344623364032431,-0.84926396646157,-3.6380917414871616,110,-3.2129456592276617,0.6785824639127025,-3.8652988827442503,-1.233818481701776,-2.0148887009057814,-75.45122953133887,15.935495545519643,-91.38672507685851,-2.631480401042474,-4.243866868827754,110,"KSGF,KCOU","72440013995,72445003945",2,51.075103947579315
PSEI,110,-5.005820242920394,111,-14.346771422488857,-14.690691623245211,-0.34392020075635443,-0.3859684503184173,-0.5797126839523479,0.07309039943938336,0.06292016806722689,0.10801249847765193,0.6528030833917295,0.49398094879606713,-13.819734837457235,-15.093677991734271,1.2739431542770365,-2.9557052182360177,108,-14.652528653364405,2.2222916171416918,-16.50796514492965,-15.817454064055624,-15.634186717471021,-410.4260530887741,62.247711559758955,-472.67376464853305,-0.6905110808740247,-5.100976021491857,111,KSEA,72793024233,1,160.93787575457688
ERCO/WEST,111,-5.780583426447543,110,4.372904750531825,3.078005081874391,-1.2948996686574343,0.466657149189853,0.282988787666433,0.12242466713384736,0.4911706349206346,0.3515595744957638,-0.16056412053258562,-0.11509757469409054,3.541110870194659,0.6299775825297536,2.9111332876649056,-2.427769974598659,106,2.91293914009203,0.30709530031340915,2.597865915643238,8.15916091020874,3.389679181429983,37.96941316778907,4.002908326851411,33.96650484093766,-5.561294994565502,-4.172024654000214,109,"KABI,KSJT","72263023034,72266013962",2,
