region,icao,station_id,station_name,state,lat,lon,elev_m,isd_begin,isd_end
AECI,KSGF,72440013995,SPRINGFIELD-BRANSON REGIONAL AIRPORT,MO,37.24,-93.39,384.7,19730101,20250825
AECI,KCOU,72445003945,COLUMBIA REGIONAL AIRPORT,MO,38.817,-92.215,272.2,19730101,20250825
AVA,KGEG,72785024157,SPOKANE INTERNATIONAL AIRPORT,WA,47.622,-117.528,717.7,19410811,20250827
AZPS,KPHX,72278023183,PHOENIX SKY HARBOR INTL AIRPORT,AZ,33.428,-112.004,339.2,19730101,20250826
AZPS,KFLG,72375003103,FLAGSTAFF PULLIAM AIRPORT,AZ,35.144,-111.666,2133.3,20050101,20250827
BANC,KSMF,72483993225,SACRAMENTO INTL AIRPORT,CA,38.701,-121.595,7.5,19730101,20250825
BPAT,KPDX,72698024229,PORTLAND INTERNATIONAL AIRPORT,OR,45.596,-122.609,6.7,19360501,20250827
BPAT,KGEG,72785024157,SPOKANE INTERNATIONAL AIRPORT,WA,47.622,-117.528,717.7,19410811,20250827
CISO,KLAX,72295023174,LOS ANGELES INTERNATIONAL AIRPORT,CA,33.938,-118.387,29.7,19440101,20250827
CISO,KSFO,72494023234,SAN FRANCISCO INTERNATIONAL AIRPORT,CA,37.62,-122.366,3.2,19730101,20250827
CISO,KFAT,72389093193,FRESNO YOSEMITE INTERNATIONAL AIRPORT,CA,36.78,-119.72,101.9,19411204,20250827
CPLE,KRDU,72306013722,RALEIGH-DURHAM INTERNATIONAL AP,NC,35.892,-78.782,120.5,19451101,20250827
CPLE,KILM,72302013748,WILMINGTON INTERNATIONAL AIRPORT,NC,34.267,-77.9,7.0,20050101,20250827
CPLW,KAVL,72315003812,ASHEVILLE REGIONAL AIRPORT,NC,35.432,-82.538,645.6,19730101,20250827
DUK,KCLT,72314013881,CHARLOTTE/DOUGLAS INTERNATIONAL AP,NC,35.223,-80.954,222.6,19410722,20250827
DUK,KGSP,72312003870,GREENVILLE-SPARTANBURG INTL AIRPORT,SC,34.906,-82.213,294.4,19730101,20250827
EPE,KELP,72270023044,EL PASO INTERNATIONAL AIRPORT,TX,31.812,-106.377,1202.1,19410401,20250827
ERCO,KDFW,72259003927,DALLAS/FT WORTH INTERNATIONAL AP,TX,32.897,-97.022,165.7,19730101,20250827
ERCO,KIAH,72243012960,G BUSH INTERCONTINENTAL AP/HOUSTON AP,TX,29.984,-95.361,27.5,19730101,20250827
ERCO,KAUS,72254013904,AUSTIN-BERGSTROM INTL AIRPORT,TX,30.183,-97.68,146.3,19990524,20250827
FMPP,KMCO,72205012815,ORLANDO INTERNATIONAL AIRPORT,FL,28.418,-81.324,27.1,19520507,20250825
FPC,KTPA,72211012842,TAMPA INTERNATIONAL AIRPORT,FL,27.963,-82.54,1.8,19400801,20250827
FPC,KGNV,74756012816,GAINESVILLE REGIONAL AIRPORT,FL,29.692,-82.276,40.7,20050101,20250827
FPL,KMIA,72202012839,MIAMI INTERNATIONAL AIRPORT,FL,25.788,-80.317,1.4,19730101,20250827
FPL,KPBI,72203012844,PALM BEACH INTERNATIONAL AIRPORT,FL,26.685,-80.099,3.5,19430206,20250827
GCPD,KMWH,72782724110,GRANT COUNTY INTL AIRPORT,WA,47.193,-119.315,356.3,19430610,20250827
IPCO,KBOI,72681024131,BOISE AIR TERMINAL/GOWEN FD AIRPORT,ID,43.567,-116.241,860.5,19310101,20250827
ISNE,KBOS,72509014739,GEN E L LOGAN INTERNATIONAL AIRPORT,MA,42.361,-71.01,3.3,19431121,20250827
ISNE,KBDL,72508014740,BRADLEY INTERNATIONAL AIRPORT,CT,41.937,-72.682,51.6,19410912,20250826
JEA,KJAX,72206013889,JACKSONVILLE INTERNATIONAL AIRPORT,FL,30.495,-81.694,7.2,19480101,20250827
LDWP,KBUR,72288023152,BURBANK-GLENDALE-PASA ARPT,CA,34.2,-118.365,222.7,19430601,20250827
LDWP,KLAX,72295023174,LOS ANGELES INTERNATIONAL AIRPORT,CA,33.938,-118.387,29.7,19440101,20250827
LGEE,KSDF,72423093821,LOUISVILLE INTL-STANDIFORD FIELD AP,KY,38.177,-85.731,146.3,19730101,20250827
LGEE,KLEX,72422093820,BLUE GRASS AIRPORT,KY,38.034,-84.611,293.2,19730101,20250825
MISO,KMSP,72658014922,MINNEAPOLIS-ST PAUL INTERNATIONAL AP,MN,44.885,-93.231,254.5,19450101,20250825
MISO,KIND,72438093819,INDIANAPOLIS INTERNATIONAL AIRPORT,IN,39.725,-86.282,241.3,19421006,20250827
MISO,KSTL,72434013994,LAMBERT-ST LOUIS INTERNATIONAL AP,MO,38.752,-90.373,162.0,19730101,20250827
MISO,KJAN,72235003940,JACKSON INTERNATIONAL AIRPORT,MS,32.32,-90.078,90.2,19420901,20250827
NEVP,KLAS,72386023169,MCCARRAN INTERNATIONAL AIRPORT,NV,36.072,-115.163,662.8,19730101,20250827
NWMT,KBIL,72677024033,BILLINGS LOGAN INTERNATIONAL AIRPORT,MT,45.807,-108.546,1094.3,19350501,20250827
NWMT,KHLN,72772024144,HELENA REGIONAL AIRPORT,MT,46.604,-111.989,1178.1,19730101,20250827
NYIS,KLGA,72503014732,LA GUARDIA AIRPORT,NY,40.779,-73.88,3.0,19730101,20250827
NYIS,KALB,72518014735,ALBANY INTERNATIONAL AIRPORT,NY,42.747,-73.799,85.4,19460101,20250827
NYIS,KBUF,72528014733,BUFFALO NIAGARA INTERNATIONAL AIRPOR,NY,42.94,-78.736,216.2,19420201,20250827
PACE,KSLC,72572024127,SALT LAKE CITY INTERNATIONAL AIRPORT,UT,40.771,-111.965,1288.4,19411101,20250825
PACE,KCPR,72569024089,NATRONA COUNTY INTERNATIONAL AP,WY,42.898,-106.474,1621.1,19400101,20250827
PACW,KPDX,72698024229,PORTLAND INTERNATIONAL AIRPORT,OR,45.596,-122.609,6.7,19360501,20250827
PACW,KMFR,72597024225,ROGUE VALLEY INTL-MEDFORD AIRPORT,OR,42.375,-122.877,400.3,19730101,20250827
PGE,KPDX,72698024229,PORTLAND INTERNATIONAL AIRPORT,OR,45.596,-122.609,6.7,19360501,20250827
PJM,KORD,72530094846,CHICAGO O'HARE INTERNATIONAL AIRPORT,IL,41.96,-87.932,204.8,19461001,20250825
PJM,KPIT,72520094823,PITTSBURGH INTERNATIONAL AIRPORT,PA,40.485,-80.214,341.0,19450201,20250827
PJM,KIAD,72403093738,WASHINGTON DULLES INTERNATIONAL AP,VA,38.935,-77.447,89.5,19730101,20250827
PJM,KPHL,72408013739,PHILADELPHIA INTERNATIONAL AIRPORT,PA,39.873,-75.227,2.2,19730101,20250827
PNM,KABQ,72365023050,ALBUQUERQUE INTL SUNPORT AIRPORT,NM,35.042,-106.615,1618.4,19410701,20250827
PSCO,KDEN,72565003017,DENVER INTERNATIONAL AIRPORT,CO,39.847,-104.656,1647.2,19940718,20250827
PSEI,KSEA,72793024233,SEATTLE-TACOMA INTERNATIONAL AIRPORT,WA,47.445,-122.314,112.5,19480101,20250827
SC,KCHS,72208013880,CHARLESTON AFB/INTERNATIONAL AIRPORT,SC,32.899,-80.041,11.8,19450101,20250827
SCEG,KCAE,72310013883,COLUMBIA METROPOLITAN AIRPORT,SC,33.942,-81.118,68.3,19420424,20250826
SCL,KSEA,72793024233,SEATTLE-TACOMA INTERNATIONAL AIRPORT,WA,47.445,-122.314,112.5,19480101,20250827
SOCO,KATL,72219013874,HARTSFIELD-JACKSON ATLANTA INTL AP,GA,33.63,-84.442,308.3,19730101,20250827
SOCO,KBHM,72228013876,BIRMINGHAM INTERNATIONAL AIRPORT,AL,33.565,-86.745,187.7,19420801,20250827
SRP,KPHX,72278023183,PHOENIX SKY HARBOR INTL AIRPORT,AZ,33.428,-112.004,339.2,19730101,20250826
SWPP,KOKC,72353013967,WILL ROGERS WORLD AIRPORT,OK,35.388,-97.6,389.9,19411214,20250827
SWPP,KICT,72450003928,WICHITA EISENHOWER NATIONAL,KS,37.648,-97.43,401.7,19730101,20250827
SWPP,KOMA,72550014942,EPPLEY AIRFIELD AIRPORT,NE,41.312,-95.902,298.8,19740419,20250827
TEC,KTPA,72211012842,TAMPA INTERNATIONAL AIRPORT,FL,27.963,-82.54,1.8,19400801,20250827
TEPC,KTUS,72274023160,TUCSON INTERNATIONAL AIRPORT,AZ,32.132,-110.956,777.6,19730101,20250827
TPWR,KTIW,72793894274,TACOMA NARROWS AIRPORT,WA,47.267,-122.576,88.4,20060101,20250827
TPWR,KSEA,72793024233,SEATTLE-TACOMA INTERNATIONAL AIRPORT,WA,47.445,-122.314,112.5,19480101,20250827
TVA,KBNA,72327013897,NASHVILLE INTERNATIONAL AIRPORT,TN,36.111,-86.688,179.0,19510101,20250827
TVA,KMEM,72334013893,MEMPHIS INTERNATIONAL AIRPORT,TN,35.056,-89.986,76.6,19461001,20250827
TVA,KCHA,72324013882,LOVELL FIELD AIRPORT,TN,35.034,-85.2,204.0,19730101,20250826
WACM,KDEN,72565003017,DENVER INTERNATIONAL AIRPORT,CO,39.847,-104.656,1647.2,19940718,20250827
WACM,KGJT,72476023066,GRAND JUNCTION REGIONAL AIRPORT,CO,39.134,-108.541,1470.4,19730101,20250827
WALC,KPHX,72278023183,PHOENIX SKY HARBOR INTL AIRPORT,AZ,33.428,-112.004,339.2,19730101,20250826
WALC,KLAS,72386023169,MCCARRAN INTERNATIONAL AIRPORT,NV,36.072,-115.163,662.8,19730101,20250827
CISO/PGAE,KSFO,72494023234,SAN FRANCISCO INTERNATIONAL AIRPORT,CA,37.62,-122.366,3.2,19730101,20250827
CISO/PGAE,KFAT,72389093193,FRESNO YOSEMITE INTERNATIONAL AIRPORT,CA,36.78,-119.72,101.9,19411204,20250827
CISO/SCE,KLAX,72295023174,LOS ANGELES INTERNATIONAL AIRPORT,CA,33.938,-118.387,29.7,19440101,20250827
CISO/SCE,KONT,74704003102,ONTARIO INTERNATIONAL ARPT,CA,34.053,-117.577,281.6,20050101,20250827
CISO/SDGE,KSAN,72290023188,SAN DIEGO INTERNATIONAL AIRPORT,CA,32.734,-117.183,4.6,19420101,20250827
ERCO/COAS,KIAH,72243012960,G BUSH INTERCONTINENTAL AP/HOUSTON AP,TX,29.984,-95.361,27.5,19730101,20250827
ERCO/COAS,KHOU,72244012918,WILLIAM P. HOBBY AIRPORT,TX,29.646,-95.282,13.2,20050101,20250827
ERCO/EAST,KTYR,72244813972,TYLER POUNDS REGIONAL ARPT,TX,32.359,-95.404,159.5,19730101,20250827
ERCO/EAST,KGGG,72247003901,EAST TEXAS REGIONAL ARPT,TX,32.391,-94.714,107.3,19910204,20250827
ERCO/FWES,KMAF,72265023023,MIDLAND INTERNATIONAL AIRPORT,TX,31.948,-102.209,872.4,19480201,20250827
ERCO/NCEN,KDFW,72259003927,DALLAS/FT WORTH INTERNATIONAL AP,TX,32.897,-97.022,165.7,19730101,20250827
ERCO/NRTH,KSPS,72351013966,SHEPPARD AFB/WICHITA FALLS MUNI AP,TX,33.979,-98.493,308.6,19420413,20250825
ERCO/SCEN,KAUS,72254013904,AUSTIN-BERGSTROM INTL AIRPORT,TX,30.183,-97.68,146.3,19990524,20250827
ERCO/SCEN,KSAT,72253012921,SAN ANTONIO INTERNATIONAL AIRPORT,TX,29.544,-98.484,243.6,19460814,20250827
ERCO/SOUT,KCRP,72251012924,CORPUS CHRISTI INTERNATIONAL AIRPORT,TX,27.773,-97.513,12.5,19460801,20250827
ERCO/WEST,KABI,72266013962,ABILENE REGIONAL AIRPORT,TX,32.411,-99.682,544.8,19460801,20250826
ERCO/WEST,KSJT,72263023034,SAN ANGELO REGIONAL/MATHS FIELD AP,TX,31.352,-100.495,582.4,19480215,20250827
ISNE/4001,KPWM,72606014764,PORTLAND INTERNATIONAL JETPORT AP,ME,43.642,-70.304,13.5,19730101,20250826
ISNE/4002,KMHT,74394514710,MANCHESTER AIRPORT,NH,42.93,-71.436,69.8,19730101,20250827
ISNE/4003,KBTV,72617014742,BURLINGTON INTERNATIONAL AIRPORT,VT,44.468,-73.15,101.1,19480101,20250827
ISNE/4004,KBDL,72508014740,BRADLEY INTERNATIONAL AIRPORT,CT,41.937,-72.682,51.6,19410912,20250826
ISNE/4005,KPVD,72507014765,THEODORE F GREEN STATE AIRPORT,RI,41.723,-71.432,15.4,19420801,20250827
ISNE/4006,KEWB,72506594726,NEW BEDFORD RGNL AIRPORT,MA,41.679,-70.959,22.5,20060101,20250827
ISNE/4007,KORH,72510094746,WORCESTER REGIONAL AIRPORT,MA,42.271,-71.873,305.5,20050101,20250826
ISNE/4008,KBOS,72509014739,GEN E L LOGAN INTERNATIONAL AIRPORT,MA,42.361,-71.01,3.3,19431121,20250827
MISO/0001,KMSP,72658014922,MINNEAPOLIS-ST PAUL INTERNATIONAL AP,MN,44.885,-93.231,254.5,19450101,20250825
MISO/0001,KFAR,72753014914,HECTOR INTERNATIONAL AIRPORT,ND,46.924,-96.812,272.8,19480101,20250827
MISO/0004,KSPI,72439093822,ABRAHAM LINCOLN CAPITAL AIRPORT,IL,39.845,-89.684,179.7,19730101,20250826
MISO/0004,KMDH,72433693810,SOUTHERN ILLINOIS AIRPORT,IL,37.783,-89.245,122.1,20060101,20250827
MISO/0006,KIND,72438093819,INDIANAPOLIS INTERNATIONAL AIRPORT,IN,39.725,-86.282,241.3,19421006,20250827
MISO/0006,KEVV,72432093817,EVANSVILLE REGIONAL AIRPORT,IN,38.05,-87.515,122.5,19730101,20250827
MISO/0027,KMKE,72640014839,GENERAL MITCHELL INTERNATIONAL AP,WI,42.955,-87.905,203.3,19480101,20250827
MISO/0027,KDTW,72537094847,DETROIT METRO WAYNE COUNTY AIRPORT,MI,42.231,-83.331,191.9,19420801,20250827
MISO/0035,KDSM,72546014933,DES MOINES INTERNATIONAL AIRPORT,IA,41.534,-93.653,286.3,19730101,20250827
MISO/0035,KSTL,72434013994,LAMBERT-ST LOUIS INTERNATIONAL AP,MO,38.752,-90.373,162.0,19730101,20250827
MISO/8910,KLIT,72340313963,ADAMS FIELD AIRPORT,AR,34.727,-92.236,76.4,19900228,20250827
MISO/8910,KBTR,72232013970,BATON ROUGE METRO RYAN FIELD AIRPORT,LA,30.538,-91.147,20.4,20101115,20250827
MISO/8910,KJAN,72235003940,JACKSON INTERNATIONAL AIRPORT,MS,32.32,-90.078,90.2,19420901,20250827
NYIS/ZONA,KBUF,72528014733,BUFFALO NIAGARA INTERNATIONAL AIRPOR,NY,42.94,-78.736,216.2,19420201,20250827
NYIS/ZONB,KROC,72529014768,GREATER ROCHESTER INTERNATIONAL AP,NY,43.117,-77.675,164.5,19730101,20250827
NYIS/ZONC,KSYR,72519014771,SYRACUSE HANCOCK INTERNATIONAL AP,NY,43.111,-76.104,124.9,19421001,20250827
NYIS/ZOND,KMSS,72622394725,MASSENA INTL/RCHARDS FD AP,NY,44.933,-74.848,60.9,19900301,20250826
NYIS/ZOND,KPBG,72622564776,PLATTSBURGH INTERNATIONAL AIRPORT,NY,44.639,-73.463,50.4,20070618,20250827
NYIS/ZONE,KRME,72519664775,GRIFFIS AIRFIELD,NY,43.224,-75.396,144.7,20070102,20250826
NYIS/ZONF,KALB,72518014735,ALBANY INTERNATIONAL AIRPORT,NY,42.747,-73.799,85.4,19460101,20250827
NYIS/ZONG,KPOU,72503614757,DUTCHESS COUNTY AIRPORT,NY,41.626,-73.882,46.6,19730101,20250827
NYIS/ZONI,KHPN,72503794745,WESTCHESTER COUNTY AIRPORT,NY,41.062,-73.705,112.9,19730101,20250827
NYIS/ZONJ,KLGA,72503014732,LA GUARDIA AIRPORT,NY,40.779,-73.88,3.0,19730101,20250827
NYIS/ZONJ,KJFK,74486094789,JOHN F KENNEDY INTERNATIONAL AIRPORT,NY,40.639,-73.764,2.7,19730101,20250827
NYIS/ZONK,KISP,72505004781,LONG ISLAND MAC ARTHUR AIRPORT,NY,40.794,-73.102,25.4,20050101,20250827
PJM/AE,KACY,72407093730,ATLANTIC CITY INTERNATIONAL AIRPORT,NJ,39.452,-74.567,17.8,19470101,20250826
PJM/AEP,KCMH,72428014821,PORT COLUMBUS INTERNATIONAL AIRPORT,OH,39.991,-82.877,246.8,19450401,20250827
PJM/AEP,KCRW,72414013866,YEAGER AIRPORT,WV,38.38,-81.591,278.1,19730101,20250825
PJM/AEP,KFWA,72533014827,FORT WAYNE INTERNATIONAL AIRPORT,IN,40.972,-85.206,243.0,19411101,20250827
PJM/AP,KCKB,72417503802,HARRISON/MARION RGNL ARPT,WV,39.302,-80.224,367.4,20060101,20250827
PJM/AP,KLBE,72520754735,ARNOLD PALMER REGIONAL APT,PA,40.283,-79.4,365.5,20060101,20250825
PJM/ATSI,KCLE,72524014820,CLEVELAND-HOPKINS INTERNATIONAL AP,OH,41.406,-81.852,236.8,19730101,20250826
PJM/ATSI,KTOL,72536094830,TOLEDO EXPRESS AIRPORT,OH,41.587,-83.805,205.5,19730101,20250827
PJM/ATSI,KAKR,72430314813,AKRON FULTON INTL AIRPORT,OH,41.037,-81.463,318.1,19990502,20250827
PJM/BC,KBWI,72406093721,BALTIMORE-WASHINGTON INTL AIRPORT,MD,39.173,-76.684,42.0,19450101,20250827
PJM/CE,KORD,72530094846,CHICAGO O'HARE INTERNATIONAL AIRPORT,IL,41.96,-87.932,204.8,19461001,20250825
PJM/CE,KMDW,72534014819,CHICAGO MIDWAY INTL ARPT,IL,41.784,-87.755,185.8,19730101,20250827
PJM/DAY,KDAY,72429093815,J.M.COX DAYTON INTERNATIONAL AIRPORT,OH,39.906,-84.219,302.6,19730101,20250827
PJM/DEOK,KCVG,72421093814,CINCINNATI/NORTHERN KENTUCKY INTL AP,KY,39.044,-84.672,262.4,19730101,20250827
PJM/DOM,KIAD,72403093738,WASHINGTON DULLES INTERNATIONAL AP,VA,38.935,-77.447,89.5,19730101,20250827
PJM/DOM,KRIC,72401013740,RICHMOND INTERNATIONAL AIRPORT,VA,37.512,-77.323,50.7,19420924,20250826
PJM/DPL,KILG,72418013781,WILMINGTON AIRPORT,DE,39.674,-75.606,22.4,20050101,20250827
PJM/DPL,KSBY,72398093720,SALBRY-OCN CTY WICO RGNL AP,MD,38.341,-75.513,14.4,20050101,20250827
PJM/DUQ,KPIT,72520094823,PITTSBURGH INTERNATIONAL AIRPORT,PA,40.485,-80.214,341.0,19450201,20250827
PJM/EKPC,KLEX,72422093820,BLUE GRASS AIRPORT,KY,38.034,-84.611,293.2,19730101,20250825
PJM/JC,KTTN,72409514792,TRENTON MERCER AIRPORT,NJ,40.277,-74.816,57.9,19730101,20250827
PJM/JC,KACY,72407093730,ATLANTIC CITY INTERNATIONAL AIRPORT,NJ,39.452,-74.567,17.8,19470101,20250826
PJM/ME,KRDG,72510314712,RDNG RGNL/C A SPAATZ FD AP,PA,40.373,-75.959,101.3,19900314,20250827
PJM/PE,KPHL,72408013739,PHILADELPHIA INTERNATIONAL AIRPORT,PA,39.873,-75.227,2.2,19730101,20250827
PJM/PEP,KDCA,72405013743,RONALD REAGAN WASHINGTON NATL AP,VA,38.847,-77.035,4.1,19360901,20250827
PJM/PL,KAVP,72513014777,WILKES-BARRE/SCRANTON INTL AIRPORT,PA,41.333,-75.723,289.9,19730101,20250827
PJM/PL,KABE,72517014737,LEHIGH VALLEY INTERNATIONAL AIRPORT,PA,40.65,-75.448,117.4,19730101,20250827
PJM/PN,KJST,72512704726,J MURTHA JTWN-CMBRA CO APT,PA,40.315,-78.831,693.9,19730101,20250827
PJM/PN,KERI,72526014860,ERIE INTL/T. RIDGE FIELD AIRPORT,PA,42.08,-80.182,222.2,19730101,20250827
PJM/PS,KEWR,72502014734,NEWARK LIBERTY INTERNATIONAL AP,NJ,40.683,-74.169,2.0,19730101,20250825
SWPP/CSWS,KTUL,72356013968,TULSA INTERNATIONAL AIRPORT,OK,36.199,-95.878,194.9,19470101,20250827
SWPP/CSWS,KSHV,72248013957,SHREVEPORT REGIONAL AIRPORT,LA,32.447,-93.824,69.6,19730101,20250827
SWPP/EDE,KJLN,72349513987,JOPLIN REGIONAL AIRPORT,MO,37.152,-94.495,296.4,19730101,20250827
SWPP/GRDA,KTUL,72356013968,TULSA INTERNATIONAL AIRPORT,OK,36.199,-95.878,194.9,19470101,20250827
SWPP/KCPL,KMCI,72446003947,KANSAS CITY INTERNATIONAL AIRPORT,MO,39.297,-94.731,307.4,19730101,20250827
SWPP/MPS,KSTJ,72449013993,ROSECRANS MEMORIAL AIRPORT,MO,39.768,-94.91,246.1,19440301,20250827
SWPP/NPPD,KLNK,72551014939,LINCOLN MUNICIPAL AIRPORT,NE,40.848,-96.765,356.7,19421001,20250827
SWPP/NPPD,KGRI,72552014935,CENTRAL NEBRASKA REGIONAL AIRPORT,NE,40.961,-98.313,561.7,19440301,20250827
SWPP/OKGE,KOKC,72353013967,WILL ROGERS WORLD AIRPORT,OK,35.388,-97.6,389.9,19411214,20250827
SWPP/OPPD,KOMA,72550014942,EPPLEY AIRFIELD AIRPORT,NE,41.312,-95.902,298.8,19740419,20250827
SWPP/SECI,KGCK,72451523064,GARDEN CITY REGIONAL ARPT,KS,37.922,-100.724,877.1,19430201,20250827
SWPP/SECI,KHYS,72451803968,HAYS REGIONAL AIRPORT,KS,38.85,-99.267,609.0,20060101,20250826
SWPP/SPS,KAMA,72363023047,AMARILLO RICK HUSBAND INTL AIRPORT,TX,35.22,-101.717,1099.3,19430301,20250827
SWPP/SPS,KLBB,72267023042,LUBBOCK INTERNATIONAL AIRPORT,TX,33.666,-101.823,993.2,19450810,20250827
SWPP/WAUE,KFAR,72753014914,HECTOR INTERNATIONAL AIRPORT,ND,46.924,-96.812,272.8,19480101,20250827
SWPP/WAUE,KFSD,72651014944,JOE FOSS FIELD AIRPORT,SD,43.578,-96.754,432.4,19421001,20250827
SWPP/WFEC,KLAW,72357503950,LAWTON-FORT SILL RGNL ARPT,OK,34.558,-98.417,326.0,20050101,20250827
SWPP/WR,KICT,72450003928,WICHITA EISENHOWER NATIONAL,KS,37.648,-97.43,401.7,19730101,20250827
SWPP/WR,KTOP,72456013996,PHILIP BILLARD MUNICIPAL AIRPORT,KS,39.072,-95.626,268.1,19730101,20250827
PNM/PNM,KABQ,72365023050,ALBUQUERQUE INTL SUNPORT AIRPORT,NM,35.042,-106.615,1618.4,19410701,20250827
